I am feeling great today,joy
I am so happy with my results,joy
This is the best day of my life,joy
I really enjoyed spending time with my friends,joy
I can't stop smiling right now,joy
I am grateful for everything I have,joy
That movie made me laugh so much,joy
I feel so refreshed and energetic today,joy
I love how everything is going perfectly,joy
I had an amazing time at the park,joy
That gift truly made my day,joy
I feel blessed to have such good people around me,joy
Everything feels so positive today,joy
I am proud of what I achieved,joy
I am excited for the weekend trip,joy
This food tastes wonderful,joy
I feel confident about my future,joy
I love the weather today,joy
I am in such a good mood right now,joy
My friends always make me feel happy,joy
I feel so lonely today,sadness
Nothing seems to be going right,sadness
I miss my old friends a lot,sadness
I am feeling very low right now,sadness
Today has been a tough day for me,sadness
I can’t stop thinking about what I lost,sadness
I feel like crying for no reason,sadness
My heart feels heavy today,sadness
I feel left out and ignored,sadness
I am disappointed with myself,sadness
Everything feels dull and meaningless,sadness
I wish someone would understand my feelings,sadness
I feel so emotionally drained,sadness
I'm not okay, but I pretend to be,sadness
I feel stuck and hopeless,sadness
It hurts when people don’t care,sadness
I feel empty inside,sadness
Today is just not my day,sadness
I feel like things will never get better,sadness
My mind is full of sad thoughts,sadness
I am really frustrated right now,anger
Why can’t people just listen?,anger
I am so angry that this happened,anger
This situation is getting on my nerves,anger
I can’t tolerate this nonsense anymore,anger
I am extremely irritated today,anger
They made me so mad with their behavior,anger
I feel like yelling at someone,anger
I hate when things don’t go as planned,anger
I am fed up with everything,anger
I can't believe they treated me like that,anger
This is completely unacceptable,anger
I feel furious after hearing that,anger
Stop bothering me, I am not in the mood,anger
I can’t stand this anymore,anger
Why do people always disappoint me?,anger
I am frustrated with all these problems,anger
Nothing is working and it makes me angry,anger
I am losing my patience today,anger
My anger is out of control right now,anger
I am scared of what might happen next,fear
I feel really anxious today,fear
I don’t know how to handle this situation,fear
I am worried something bad will happen,fear
I feel nervous about tomorrow,fear
I am afraid of being alone,fear
I hate walking in the dark,fear
That noise really frightened me,fear
I feel unsafe right now,fear
I am panicking and can’t calm down,fear
I am scared of taking this decision,fear
I feel like something is wrong,fear
My heart is racing from anxiety,fear
I am afraid to speak up,fear
I feel tense and worried,fear
I am scared of failing,fear
I don’t want to face this situation,fear
Sometimes I get scared for no reason,fear
That experience left me traumatized,fear
I feel overwhelmed with fear,fear
That food tasted horrible,disgust
I can’t stand that smell,disgust
This place feels so dirty,disgust
Their behavior disgusts me,disgust
I feel sick just thinking about it,disgust
This is the most unpleasant thing ever,disgust
I hate seeing such unhygienic things,disgust
That was completely gross,disgust
I want to throw up after seeing that,disgust
This situation is really uncomfortable,disgust
The way they talk is disgusting,disgust
I don’t like touching dirty surfaces,disgust
That comment made me feel uneasy,disgust
This room smells terrible,disgust
The sight of that insect disgusted me,disgust
I can’t tolerate such unclean habits,disgust
That movie scene was so nasty,disgust
Everything about this feels wrong,disgust
That was a very unpleasant experience,disgust
I feel repulsed by what happened,disgust
Wow, I didn’t expect that to happen,surprise
This was such an unexpected gift,surprise
You surprised me with your visit,surprise
I can’t believe what I just saw,surprise
That news completely shocked me,surprise
I didn’t think this would happen today,surprise
This is a pleasant surprise,surprise
I was not prepared for that,surprise
That twist in the movie surprised me,surprise
I’m amazed by how fast things changed,surprise
I didn’t expect you to remember,surprise
What a surprising turn of events!,surprise
That moment really caught me off guard,surprise
I had no idea this was coming,surprise
This result was totally unexpected,surprise
I can’t believe I won!,surprise
You shocked me with your announcement,surprise
That message surprised me a lot,surprise
I didn’t expect to feel this way,surprise
This is the last thing I thought would happen,surprise
